{"cameraMode":{"drawMode":0,"name":"Shaded","section":"Shading Mode"},"sceneLighting":true,"audioPlay":false,"sceneViewState":{"m_AlwaysRefresh":false,"showFog":true,"showSkybox":true,"showFlares":true,"showImageEffects":true,"showParticleSystems":true,"showVisualEffectGraphs":true,"m_FxEnabled":true},"in2DMode":false,"pivot":{"x":-3.0133297443389894,"y":5.3922319412231449,"z":-3.4277453422546388},"rotation":{"x":-0.21338501572608949,"y":0.49239981174468996,"z":-0.1262321174144745,"w":-0.8345019221305847},"size":0.9101445078849793,"orthographic":false}