{"cameraMode":{"drawMode":0,"name":"Shaded","section":"Shading Mode"},"sceneLighting":true,"audioPlay":false,"sceneViewState":{"m_AlwaysRefresh":false,"showFog":true,"showSkybox":true,"showFlares":true,"showImageEffects":true,"showParticleSystems":true,"showVisualEffectGraphs":true,"m_FxEnabled":true},"in2DMode":false,"pivot":{"x":-2.6840109825134279,"y":0.2576535940170288,"z":4.0841193199157719},"rotation":{"x":0.20983734726905824,"y":-0.471361368894577,"z":0.11654909700155258,"w":0.8486486673355103},"size":7.379094123840332,"orthographic":false}