{"cameraMode":{"drawMode":0,"name":"Shaded","section":"Shading Mode"},"sceneLighting":true,"audioPlay":false,"sceneViewState":{"m_AlwaysRefresh":false,"showFog":true,"showSkybox":true,"showFlares":true,"showImageEffects":true,"showParticleSystems":true,"showVisualEffectGraphs":true,"m_FxEnabled":true},"in2DMode":false,"pivot":{"x":3.814934253692627,"y":-1.7630902528762818,"z":6.049217700958252},"rotation":{"x":0.1916593313217163,"y":-0.25461798906326296,"z":0.05156058445572853,"w":0.9464574456214905},"size":7.2016706466674809,"orthographic":false}