{"cameraMode":{"drawMode":0,"name":"Shaded","section":"Shading Mode"},"sceneLighting":true,"audioPlay":false,"sceneViewState":{"m_AlwaysRefresh":false,"showFog":true,"showSkybox":true,"showFlares":true,"showImageEffects":true,"showParticleSystems":true,"showVisualEffectGraphs":true,"m_FxEnabled":true},"in2DMode":false,"pivot":{"x":-11.876399993896485,"y":-5.198940277099609,"z":8.062246322631836},"rotation":{"x":0.24104741215705872,"y":-0.41652971506118777,"z":0.11553766578435898,"w":0.8689219951629639},"size":11.103720664978028,"orthographic":false}